age,income,credit_score,account_balance,num_transactions,days_since_signup,engagement_score,risk_score
26.636206812591823,87046.80655249652,678.3261863797994,19100.184574027975,18,149.73126295267411,35.20104414376729,8.229902022267954
46.66766580539288,20000.0,611.2127590338273,5444.82008881556,23,159.4372357713352,8.723840343739731,6.845632185616096
40.485154164108344,52547.62624076458,847.9894487802699,6068.599639397954,21,171.81478056810062,32.857255165002705,3.287324248600034
26.59094013699253,62140.71475176788,691.6788802343484,11353.540992761576,14,104.17553383082159,55.98212025853406,2.125614098001615
36.95628682847931,39043.83446171401,702.572139071607,6649.9918543954445,23,206.83270087505775,61.43727855939532,1.6405749984033944
18.0,63519.274431907594,712.0704528924027,7921.525802537993,21,200.62366098835233,50.50524356920357,8.728140612232883
29.071521907617782,33852.8053710733,707.4173709303269,1600.7601027585513,25,181.79002175605189,21.30516345943965,2.567496080239364
19.06632313688424,55079.8252347882,809.1244013517236,2784.2908500724975,25,51.85328207904546,18.57239169014149,1.4245524742771367
61.97000111815609,20000.0,787.1566308961754,956.09442847684,12,153.55100950686446,73.88293915495792,8.612811315688045
19.207632607800647,73118.12364328296,624.1041113882717,4228.470368369047,18,119.74352849702517,10.443246864464555,4.904102316437874
69.02948752661572,52015.76055233117,801.1234947783342,3649.830335669976,19,157.49077155467432,12.141930075990444,4.0401686340246865
44.17135439202179,23295.17671822925,637.9920228230054,35189.655969532956,21,278.1226019442073,4.38821610752233,7.469754577420202
31.773593984563746,63317.57766150124,699.3344528529445,5668.27477096507,12,154.54877608435433,9.878112735616153,3.8731942266200012
47.67632120744992,81378.7403892153,592.9089128942976,9263.16024199666,19,23.914621715063316,32.704492886187595,7.046567112187884
30.2658233700854,35324.61163731126,742.1963848318971,2438.9258210941052,11,142.87428666355666,8.118731596058874,3.2896944856408954
21.085413435108702,48216.18504586305,661.558325519129,10686.531564750458,15,249.781490413827,28.914566226448603,10.571094316291013
38.948843218505935,42733.16986550689,611.0307418052911,5728.395967357534,22,238.4170585010871,10.636902698812529,2.9459369362688026
46.400872355914885,38136.09553483616,751.3100608420823,7163.982993222226,12,163.74922058789068,15.34132985081063,7.1094917119871965
53.34093074314265,36239.88219220127,766.1720836943132,2092.502368702758,30,89.93532360060829,46.70374243386158,9.435046330823392
43.9727613147079,40363.75222863443,768.2061669031218,4772.91881096326,23,150.22482561607262,39.82437745826296,0.2523117680582757
31.647853715968026,41337.151711227256,588.6229730368866,6031.337825636531,22,177.83662143709367,9.16069911997134,6.6853161208827006
54.63531298496987,45583.658551545224,774.412575202983,5336.354674839059,16,299.9640027167575,22.871726485161286,2.98574269841708
51.95570991483248,44276.62028253233,661.969059170172,14804.313487227959,19,200.36986524742565,21.693322792782887,7.442164830724229
41.22821033325849,65701.07823532597,803.0902082554338,13712.755357960565,22,214.39418041753177,28.46562302441933,5.621950609019262
52.529332961881934,64093.773696866774,717.4972218838494,21239.45922994311,12,157.60716019905453,22.5440349392774,6.549040675338377
64.2177237318177,24396.989005384425,695.0798756275096,6605.393514220572,22,119.25707421910836,19.316040551221676,4.673685722670676
31.476992718875202,41315.37353096984,680.5112643643035,21434.93208337486,11,247.6268354212177,42.88843548792601,9.808491060916985
27.20386781260396,74510.03043718719,679.1802245996049,10719.8435594921,18,158.58105081498613,21.9426136025973,1.6989685560065952
31.127729714864422,57292.44927299646,639.2291410654636,1895.1078798877018,16,298.51323639006705,29.171108886111746,9.183366910834904
21.80419964040988,58020.47269105273,615.9161691462297,3345.7810936231203,16,147.99376079505234,44.282485871925665,3.3264504605314773
45.0945774154003,56301.61152514772,658.2402817186353,1633.943231747141,19,39.040079421321664,7.053819325469453,1.0362777396537524
18.681161583875756,47290.100451235754,751.4533121869262,25.235961803271596,15,211.12187838522317,4.427186037059778,5.029426470831274
53.18017080886037,51261.139768484194,596.202502049783,1249.8898886657844,26,33.059606259227095,11.711545424550886,3.063950713175757
29.933820365918145,44729.81960444055,760.4399738362035,24.413117118186868,13,90.14044712771693,28.405239084028178,6.395842094557276
54.30449358612991,67403.23453557144,688.6033847816275,7634.333510526976,19,119.04671077837294,15.15374876599049,6.784509716378057
18.0,44893.99137843372,726.8884771316755,3325.8893015962985,19,227.05540397397175,3.980993589536271,4.392051275859865
33.377748467554035,49966.78362587601,729.9896296415485,2248.8128956827263,18,158.3860593941316,21.28052396287917,6.580740308098115
22.483875010924955,65236.074158545125,735.7006984734885,8605.875395558562,17,28.020860766871852,17.71188175465364,5.839470095176102
54.24025907105843,46099.74392931096,681.3440952823828,10720.15784003603,17,192.7179583572582,8.365917209147138,4.970776673220576
58.14829758204594,50727.03911979617,683.1405874790895,22205.600144280765,15,135.20214647946545,20.986570682287777,4.299308199899901
18.0,45552.436156820026,733.6458005572224,6163.5614359297915,23,278.11366279079,51.590934391972155,3.4794523722490807
48.390338700005444,50391.97137778456,617.522314314134,3714.129360818021,15,159.87744711926592,28.750808833503665,13.226813598470603
50.82424824390688,46162.20326361648,608.3324866054884,2185.3427749715866,16,218.5130408630149,11.755786157253599,4.821624076505976
41.90821430252992,42354.57892175084,652.1187846485516,1508.6270864618223,15,81.28317785227313,11.514595328634018,6.010303932737356
45.05795971294427,39256.84724855376,697.2854313192395,1436.597664705363,17,233.0725980688629,14.530897379341873,7.234260769267712
44.19266017730678,48895.88628349078,795.2522689963872,3157.558463537928,16,221.86748693542825,40.17948120575235,4.063233986004639
48.434101784001435,70328.28779977545,682.8789632267967,28811.75110998817,19,273.1428783915663,38.22325782088625,6.279344281516302
24.89039551428392,63226.547216043546,800.0091507495746,5.12437226750897,13,29.47005968137578,26.847996193287248,12.5186114202675
52.4059321332802,23574.729828920637,710.9274618754902,1317.9420474917188,22,145.30019533288632,30.851740854331688,2.940478407391945
40.512156030745146,44275.309114001124,652.7922409778378,1252.4341466898595,19,210.16351276709645,34.99469643615213,12.515768100150114
39.792006077237616,40509.90576052202,748.8241189112553,7576.3840851374825,15,46.6458920224602,34.93828249070725,7.553858046495179
44.79949939089285,23878.18309119951,665.4282305256769,2607.677393792799,22,134.96913880169546,32.44578136019196,3.2965557580211917
22.750774534045515,56955.01352381471,695.0725669065137,3666.758265278292,22,283.8010488585347,50.874149026982266,2.8167080260012263
19.358693783007123,50270.3580549628,599.8177218033878,965.4094085804176,23,142.0616574495159,8.162705511862987,12.473867175851472
36.54761405236549,88412.95737351854,589.4801738106656,3115.133380628953,21,295.9133393745768,41.35806623419274,8.800129329598327
56.52246717656958,45987.63398372311,713.219331848451,653.5331849097229,19,35.9149371023495,38.45479755602199,4.481971072598996
23.775408455594174,38028.839831838035,746.2237372370955,4569.112314966734,15,220.99233731944955,16.634275122058874,3.5779910036539184
40.101853287997685,36287.11069616931,796.7400501531965,618.4345811570321,20,182.68454614951546,17.399376552386013,3.3060590319637932
29.39979310476707,43871.36824155258,631.437653519371,9378.429276119887,15,160.15110959699513,34.57679705616299,4.340302354912154
27.788258848964553,62625.87923995021,767.8246474994506,5016.5889169981365,18,291.8372724158026,36.78952857497875,4.61134029622428
44.008980391722105,64687.62547234727,758.8668139986198,7723.428124005316,19,56.30211213751602,25.074900323250098,5.441911584860823
47.11250599267343,104670.83209332927,650.5302284577948,3253.0349243442142,27,270.8797064706557,12.186717348912453,2.519181504042978
28.549382372441343,30281.532483265393,763.2852133673827,2882.6640601992017,17,213.54731511825088,38.47957869232425,3.2088375997747614
54.64700307160139,53552.22775534954,736.6529825771119,620.2342203040771,21,92.51890052389716,13.869451240388782,4.198004744009208
43.07004351791045,39682.932344337256,748.5309847123748,4452.204745213722,15,272.46736077704213,42.88582686199035,15.293526137707472
35.09986442584075,58308.99589224516,810.041622724592,4335.48270171981,13,140.2025770010837,13.084164517261046,5.8153127445681205
42.17021643086322,76896.8290444024,746.039710853,3787.8217254847978,15,247.98365186045984,30.937935558124025,1.8784775269769944
62.4361701758746,67518.00482260722,551.7861122382715,8094.4160902180765,12,128.87422477327198,12.2250464451608,2.610407700241222
47.04236901320819,30263.118863803702,699.3536297598532,10720.789181471555,14,258.2606316813075,25.38132404060337,12.382645625266196
29.6156367768943,64323.83573805485,585.991909935831,8336.74836081753,14,198.25615316461364,32.33779429585251,9.857110577353152
37.775510056675735,20000.0,689.0870042166288,931.9684357411618,17,59.4930574034436,9.685043932011292,3.8417537590216324
39.57522645405807,20000.0,685.6176716873183,5838.111166317063,21,201.90568577146772,19.530066050945834,6.66072834367794
45.98428145173945,47517.08989840564,644.9783058342846,502.3972347678513,13,73.57653355652434,31.05506120030737,6.198476378792658
40.87457265043078,62992.24403582432,618.3438114095969,7117.235200363646,20,135.33833581036555,20.99326348275012,4.919567350477267
60.743886907426045,58267.54335432362,648.1800859551659,2886.0389631663484,13,67.68276359056944,4.047362739495789,2.841182116595151
35.279762855585965,86304.18821852803,659.7703669143148,852.8313840635516,18,26.164512386793206,47.42212190781998,1.313655534972566
18.0,53967.88569332409,672.0977092439233,11885.221143365303,14,79.3282310459881,23.78332053260572,8.247769310033737
40.574342833967016,50076.54338579605,686.3260343682117,5711.637080870923,17,170.1841666427552,11.581123306044837,6.286626522153833
32.70649760964671,72793.47112506254,715.115049532536,2628.471880732712,15,154.83707097765688,46.47508051077848,2.873635767607483
19.951628118213865,45265.61173316135,661.2468614586827,187.25495022222913,16,160.41918675009782,7.546324552426363,9.602542840166315
29.557712219994634,58997.46946462857,756.7789060803196,4624.191332139028,17,89.35232596504837,31.330201134505426,12.10064661577311
33.69934438187216,60081.570599590166,677.7056895393144,15401.32593040955,21,211.84513617197211,25.620252502757534,5.694772712446983
51.67765059500583,34508.17496068192,735.4694491144023,5443.686139342373,13,217.19372030969683,14.396824557350914,4.804309863284247
20.201020185225502,58974.402269741586,661.7311509565816,21378.897456012284,13,120.23099115670635,7.353470297311025,1.6190513877947839
42.19742321090341,91330.48471559974,844.6225501602116,880.2286449721345,10,266.7276247727688,39.53630176769372,4.37604989964959
64.64576745825427,72459.69471475983,708.0358505020317,5040.217205362543,15,200.3265006579534,18.606142748167663,2.358682939625017
35.90166037187982,36892.78833924738,778.1179160789962,9600.640936847945,17,219.65099707241689,38.540359015582574,4.535944730031697
35.54911412401794,94095.7169299821,638.3634806712325,4473.477028277835,15,97.65517702290303,2.9520917604965673,8.995429860466885
46.63731823373239,64406.854044255524,653.1709833016321,572.8991181318902,19,20.171257843564373,40.69354921799608,7.209431955681781
44.26617915096328,59636.49195355019,664.8717408410354,5246.3743017574125,15,262.3051713885907,42.498457791855124,9.764949741846742
55.01074668684824,50250.011942714504,828.3799956060852,5676.448002003422,17,250.2788276823464,29.247923965120666,4.140687542740301
35.99466646521587,64288.70165944417,667.235598916064,7827.384896257225,22,54.493728651992456,15.865404591652771,1.9683727725980873
46.42631493979556,54012.12336393741,630.593954302596,8593.062717523824,20,124.74943778776581,18.72594375256427,4.027894366330025
46.61720946648825,52353.60020729523,758.0543872128312,8838.246839135525,18,205.17500634880312,25.55319990506726,5.709923961692911
33.973329282184366,49604.04045668746,683.5282607441761,6533.951366003688,18,202.59104002124388,22.346834172293864,10.020280002383352
36.632237720215656,69527.80484690367,666.912832360951,1458.6327238669592,22,260.89809374639583,15.838225619914484,8.066270922587327
37.865609942482756,67532.91480236003,643.3830613113284,3107.4615219703264,20,59.27508525791999,41.91102614881771,1.4251342467234798
23.14760222431501,49310.90415515636,709.3297134921208,8980.137782485268,20,140.38312937983326,11.295441799598207,5.599908630920027
33.33585927855632,24658.277496002538,743.759338016582,18400.403690979285,24,47.22283701939894,43.31766107314365,8.94574706593769
55.95397432120255,52649.18908688182,727.2851264460882,493.42596035811755,16,129.08666956281587,16.33629356709911,10.438710898055517
50.4525993880534,39078.225527575676,651.2399733502771,4601.236114406213,16,24.230084764557226,26.22147150689582,9.361156621619061
31.040769011414113,43475.572243275885,620.7378387406648,2248.355067717993,26,271.51645823083555,37.06471306702905,3.0959679148797887
37.81109421760841,49752.65646831996,438.8527305941675,1532.4037773801995,17,167.5723191120307,11.354423284647922,3.2051268783466274
49.656678673130514,32914.31217944125,623.2718775094261,4229.01962080365,17,257.944633024659,13.325368993958058,13.229064998881258
43.320868250506635,23014.633200799122,657.671927519519,5589.786888468268,25,36.773316280941856,19.263265200408764,3.66813628109897
47.598931429889646,57255.51760120213,676.4576101045589,58.921758252760746,14,83.68827093241778,25.72524220425657,11.997040131361421
44.40953742553609,52482.93155664667,663.7513236318339,9090.402829703995,22,92.62639866193057,54.31959854395419,2.6298748467457065
40.584936832761485,51794.63658060702,848.0526168565634,10284.86289636444,24,128.27361849886066,4.035722537595439,4.53267475917705
36.0092878058434,61193.79859469044,709.4819082339579,20202.658558612013,27,244.8025842713129,14.997144332737077,0.9814202024956084
23.65869727687753,40128.318299264036,605.7414364323183,1195.417725284591,20,128.23620464481795,21.944238022453867,4.329000070663273
46.30681862561909,57984.521759477946,719.3340439053102,5416.58422444021,22,77.30298830097155,31.679013163809845,2.800748209405358
35.33897578391108,76073.596748309,703.4886032462692,3337.295864579949,23,38.19727289485516,21.134375292428484,7.240414329839626
18.22535727371787,47415.29306430827,617.0053632788716,2446.2564119143253,18,42.25768953875249,7.988142479885592,7.204456365381662
31.452092081462816,86188.90769742304,697.3283331999414,5003.199116394809,22,232.81321766907368,20.9173817217054,6.428358645819035
48.227476273433744,52899.899688165526,711.8090757910162,9150.11442261374,24,144.54483749025724,11.069862580379954,2.897815698683402
18.0,36657.17364654174,741.470265466863,139.93592665824568,16,223.33071416000428,37.50522660195153,9.791179722976677
25.645705817650473,67294.31244871083,573.4596647898966,20920.553691984733,19,211.04039409383532,55.42790438067321,5.052958530485488
39.6456008158306,49973.910475368786,718.8846806728104,9960.649006937547,15,57.901489292872185,22.892142298203037,7.600253777485335
54.868623720731186,70945.90890277011,764.5942793161352,8345.51914099587,19,60.008621573834816,7.06297052181239,9.391899263780504
49.99971282720584,59440.23319638765,793.2611947404827,8572.390512657037,15,231.4957643215575,10.527157997474013,5.4182458432683385
56.019615423559685,46099.0785559479,606.435948413214,2956.5461149510306,18,221.9551221759168,16.00452369033734,1.8250692103536792
40.493382184714605,79378.26894416317,671.2428636419884,8356.785991289918,16,125.84861472480691,44.758577497476985,5.815794399329276
35.4898347863956,43011.31832225522,677.0560682919593,2934.0932980381717,21,41.67823373319522,10.73331235134119,4.364070769471674
48.11968009319546,20000.0,720.5311241949371,13738.417735784109,26,23.387446075566615,6.8862162413021375,2.70159336742131
27.207592641952928,67850.43407537832,670.1222541483087,1170.4159523847954,29,100.68394584928856,4.061119591922865,11.223281373261894
26.271400997184365,58298.77590539996,637.0763857256495,2074.812107371971,16,22.582236604423542,26.219634918224255,4.055849827661317
24.138922697983773,75106.94537919795,693.0305823550935,4808.9066366042,17,84.42033390903696,6.881865730977768,6.9467768396178
51.06661545158073,36129.870549552696,659.7498760305521,2307.0174721773215,13,137.4602072591748,8.47444157509331,7.964316764038933
27.985033070274085,47551.27016658775,713.7313718411145,3312.357523962133,20,53.99641428734717,42.641050732378446,5.81731066218774
50.00724090219522,45519.2480710159,631.4259567892476,4068.637461046588,21,49.19777219283295,26.868377691858363,3.764668671817607
39.78140340381265,68807.71735449854,618.6614206371239,11642.392836838848,14,271.0024820012462,28.202499343750098,1.6766069662122938
51.22087579453513,63715.30324022089,758.9264130934977,4443.85150042145,13,183.931608126409,12.559837398915292,6.384138929758978
24.73541382361926,55866.4067629085,816.351656828266,2700.8281282048742,22,281.6475922935788,46.22631678140245,4.079214014101193
30.493812119815892,55982.404671797805,789.3362736033946,1708.0090251976383,13,116.83132585999017,39.809316659438004,13.025697219349121
43.447868772554536,31282.519080872727,675.6844644230885,3152.3469154821682,14,209.60058245216567,23.03933328942169,3.147862747125377
32.82848111959816,65836.27846396096,743.3076302948707,4350.75169224536,18,77.31366889410131,10.356688471318261,1.0055569712923673
18.0,66204.1784228236,638.8230330671978,8225.239847685232,23,193.13528883838353,48.227071118347794,2.1898429068565113
21.53288657108247,93239.9291431373,710.4907573431396,774.1552401755928,24,56.28400440279564,8.345013402255871,9.35134157361149
24.640919671748083,60474.12953911438,644.9718339848012,1503.1593131228442,19,20.582578969360014,23.323183765965613,8.114901058689501
25.530246435674968,63384.25635066717,755.3902470764067,2864.867506003934,20,280.8289043946821,5.5338125100400735,11.168769160790841
46.181398182015556,60596.82029792128,747.4078830754306,2681.4588267972827,21,175.3704253290586,53.28533559781189,4.409496764033094
42.04458429013694,39459.31418862195,804.5572466658485,2982.996919380506,23,279.543385578971,20.164609330641877,7.5041633630496305
39.946695360537916,74489.2257365953,666.2416947480501,9465.347090099716,17,113.47282663658017,8.048618776324398,5.645839908139783
62.10402809887,50996.56879377046,774.74202206552,2350.743814660463,15,111.7800993652919,5.495068171337933,3.30963210570151
52.102693466813996,48526.74065379936,710.3879037156853,4181.704594999265,26,132.18340049644888,39.50419898513639,5.030989616004629
47.62183148241263,49573.356537500826,684.5233081540609,5867.513478700368,13,217.6914755082871,13.658596921985094,3.8934490053954343
20.056807279982905,50813.01505000678,700.2196304057936,1585.1883604922607,21,178.42641757212877,2.2948522145869257,10.794641517476295
38.71447923477193,43244.63640399307,781.8807896902092,7609.902991697053,24,279.09937398775304,18.37537864865496,3.2937930447509562
41.5843599478552,55874.29503737862,672.0837971063747,4752.653535806793,24,27.123452317083018,68.97565733574565,11.731036216046602
33.01727324887015,50261.04727257631,675.1362882869256,3552.009773111013,10,218.2948626323102,16.169372068526787,3.1524263661286076
58.47655736938891,48729.23094351755,556.0578741301928,9957.570906001256,15,112.49175302263521,65.32488632186836,3.89535045474366
38.614446926887574,60816.84918723697,671.1771161181172,1674.2788739938992,28,70.46542250916913,52.97200581310779,5.184361053186796
23.25981481714515,53364.19638136962,695.861715677491,12882.518992235913,24,162.9107743056277,28.396183403828797,3.056048453748684
26.031471551010966,42025.55296821419,634.265133334367,4940.201319433642,21,161.41785957039886,13.155854172300401,5.155816488634361
65.38810805871879,38256.26943263444,619.5286880791134,5636.970485332441,20,58.363088032759954,30.943510505178,5.600654655907911
32.95852427273728,53771.23000266764,568.9256854308964,12479.480197938727,15,76.53089571720916,17.972468219973724,10.45945735633366
18.0,38560.62689733539,644.9209642818068,10208.749756434956,27,134.28610617243538,29.14121447090412,0.9916008951155245
30.80786623320199,37264.98846309366,765.270745807827,5521.2212941403495,21,134.4671954698483,10.336525799806562,3.172087825601619
18.0,37519.418714711195,591.0888618134588,8394.762995152965,20,108.91627909351172,13.288703715686601,12.626950515813709
49.0077295816496,56589.725184599265,727.3410351087298,3407.7576534213135,24,61.59264242279466,34.362732755271594,3.840656388881421
18.0,73483.76447808888,732.7607928216256,4756.184365899901,20,21.224630148274265,26.246194150390632,3.840029243643551
21.173538915958254,58259.691668084044,827.1716972685441,384.48063229125836,13,291.66581747984577,2.921084882054619,3.0340809607776684
38.047862726133474,67962.79082369289,742.3013110941544,564.9273455580804,26,284.1797843170996,35.497892456418256,7.4056159124415
51.31256200419729,50745.36545587919,737.2747748663706,10611.495395012731,21,155.42210616931786,21.443911929875238,1.5797395488540067
37.16679117824804,54560.053612534895,702.0618351934927,369.15697346737136,17,298.6144909170016,10.531026281846072,6.195085789926732
22.908254746411437,81753.9220392757,680.0514400547579,1113.6353705539882,17,208.6232126190281,43.09331021996582,13.73052716468375
40.190755888344114,66916.68977692616,731.1319707857311,9532.89193282165,21,39.28011053011163,18.6366456482145,1.2840712465268487
32.38643043228639,68866.4811653592,754.9220763624824,6.879646390385297,20,52.961095743135665,21.06153790517903,7.457206731710306
51.592426078593334,47244.316654002956,690.2297784471372,1991.0940038978877,24,276.5110362834986,36.570645878835165,2.0998804876595227
48.25745601695657,51905.18002025527,757.5131541118745,5262.977703040435,26,196.41461660189597,18.31557121415431,6.426916534505948
31.55408645023204,59301.960229598044,850.0,5429.878627970804,24,256.0914154640583,3.7161019349932274,6.094936815420887
47.357273724837526,41084.76827955512,684.251534289219,9007.616579043834,23,271.5155018974764,10.371416348469593,7.771387568672448
41.25470737038987,20000.0,685.9400976553593,4230.422943187264,16,145.4237631590681,38.440284086003686,3.518082513127032
54.40171360064339,59136.40548931924,674.472989724581,4272.779747209013,20,33.58726644147405,8.420667344655076,3.6417125676207314
46.8461756803829,69304.59678489869,688.0245764772195,7752.685110792049,18,72.71849769125018,28.798117741428502,7.899256951621228
44.563948698531625,52993.63156831329,753.386317638581,4142.399306213999,17,38.640145244681825,26.28152012461268,3.496726865534422
53.935513744051555,41273.66606536516,685.2232782084553,5626.481978473701,14,72.84715679558205,28.056519051973126,8.461228178068396
38.18485617869121,46047.46938203007,691.3506849386812,13683.419388746459,19,134.9492194076455,21.543230955017762,0.7648422857087751
28.72279452873115,20000.0,665.0210200603526,3079.4813922503927,16,53.09510694419592,10.497850078575285,5.863076965932348
40.41007686432926,46001.93222747676,709.3434500324934,2918.0183952353473,18,66.68530938549611,17.22019876492153,8.13871281874556
33.73502835045743,31928.473472644608,649.8082166949579,21.331826858579646,27,144.83009898007018,17.334426130057505,4.414576951309802
45.250358589796406,39406.450802785475,606.4311581288091,5702.59586372707,19,115.24786610877707,46.2314709155815,10.716964315168921
38.74332841973825,31017.701074292265,706.8603194502197,181.34452874685005,8,150.94427477265148,35.300315033788536,3.6008009568169785
42.83524246904637,28942.40618010652,798.763068284858,4208.872629185624,20,140.16816777253737,9.987311566179494,5.72287655821691
23.550623205253835,33925.97635434796,662.6033560179992,9785.00479733991,15,200.45384727436738,34.1667090222239,8.977435411482084
44.0994384242675,63390.73544996379,617.5276917723627,4789.993876518945,13,282.4130736852393,6.041495210040329,2.2740937336650746
22.57732655774949,42823.78487872475,794.9385212395636,1885.2747911331267,11,50.2020147643879,26.170681755448133,9.443066810978427
49.5411221784242,32057.34592849248,682.7336418631911,9255.399539631693,18,47.79284180657457,24.95496443556635,6.1493619815797285
49.55905251906846,65572.2532851008,736.6734969495913,1885.9389259335146,11,258.78571110545255,12.168608764351681,2.9455673916478697
42.17544959128148,54321.49794061415,636.262050680675,7923.753944558472,25,161.79107730268856,5.598543077971693,4.887795030107326
41.72104290023038,20000.0,680.5862340411945,5653.628790965117,19,234.5934065991638,11.258840322280465,2.772729612130276
35.31612715264496,69921.23816060391,764.0332631900482,1117.9506987123052,13,80.31813301003879,11.46318437652617,7.106338793437494
30.761255940435483,53297.321058456175,687.8463481366518,14131.731540818557,21,252.08152048691448,12.104342629645688,4.1846114618652095
37.82024953484746,65866.73072333314,688.592131549783,1343.6908732679608,17,278.67705477395486,33.51332919906604,3.8518781139463236
61.79221905931004,47945.997909503036,590.6843613222558,27388.24424082163,18,197.9352443530167,3.2013728040889653,7.241399744124918
40.75182700145626,80884.43133785858,727.2220083169908,44.02404736471029,24,49.646126012664624,43.63400210024142,4.350562837920977
21.851010751405163,45126.004417732074,632.8470726155019,1834.9408395804987,24,270.6825479637749,10.301026443906064,5.046575097214487
18.0,20000.0,747.1820240344175,1337.8136289163426,15,241.89656366362,28.080117416372463,4.820975354869205
20.743107782117516,35991.33520795267,692.1428736253586,84.55344602843225,15,230.24577742405717,32.54340534177832,0.960285195603683
33.46884103677847,61038.50432741988,697.4731473057329,7908.852019893589,16,30.283892893656358,42.59105557538332,1.8052894804145576
53.18958901239614,54863.557465189595,726.3525091430791,7093.772829970111,16,243.70950707195195,34.83185592287691,3.201063837149374
25.71819456357568,49794.7436827935,702.5161669425979,9431.435718315553,20,58.62628293113996,16.113020168082524,3.358439651541097
55.06095781514591,34245.05071666141,783.1072049341658,1779.9215504176439,24,82.26812933512875,12.514039087263004,0.8803924945833158
40.153380700838895,52331.54535135774,773.6023159315013,3525.5399099653564,13,181.59775376339212,36.86208582781524,5.041520571616482
43.801324019339816,51741.23896384637,606.9653663823719,6457.234590635168,17,94.19461641672726,39.17373307293152,4.57220490489909
43.47247506060434,51556.316751814054,669.7572799246087,3476.431168555977,22,205.1774977673375,24.709607368100798,5.409891662835479
45.087983560452535,61678.06212763414,730.1920928348247,7170.58920854847,22,190.25972535574283,10.882935797269239,4.0184577757440225
33.06361414373413,55271.84011690871,623.4438222791898,6030.295762114035,19,50.281887443713536,18.347879890493548,11.509478255362612
18.0,47458.67783418736,585.9163544328651,730.6185027212915,15,203.68408228562177,33.037850586784025,6.72496887412911
30.939715730412317,33953.83270004399,634.387725274677,9113.28281068678,25,278.7073747509804,9.265796240390243,12.383388963985542
27.345449773565875,76479.91487012405,673.0900756288021,7652.304997152425,11,65.11077345203327,28.933104944065374,2.266094687248536
41.72674980445133,87668.82524772431,436.1238113759366,6399.793836689251,25,187.17736586400846,14.37287178132266,3.943858435314646
40.63086700988406,83395.7768066571,613.1666208221271,1011.1766064793408,16,115.72230414227434,13.120965929595982,3.399512166192485
34.73144452297729,64583.4559613952,573.2878838483268,1871.8194819608364,16,148.69126809660912,19.55453791571863,1.4993774713553523
59.06629976084105,21848.545591688242,748.800336087709,2997.109083136403,12,100.36005014211158,42.60470192668923,4.42309866830949
30.311256648480263,20000.0,735.8887295991791,1970.4379442978818,14,119.15657817735467,32.9368698095662,0.8299054736977202
18.0,42128.387995694386,696.7138213616229,1551.1501300782932,12,28.09531051463604,27.63477063133909,7.059490673709727
39.433480080869444,51014.471994146064,686.0007124472828,9819.549663550457,21,294.8344866168218,70.20931087191191,9.921794639528972
52.270339665127366,50275.1125463505,712.6884104761664,6100.517025467409,25,194.94397818036953,41.550602044488166,4.256842895724982
41.445930531233294,55487.53298816575,620.0998886302297,5000.971183251963,20,160.1975653382879,19.61887933723954,5.376840720698679
33.72033807033148,26935.962522942616,755.1733397248195,1536.7338610196505,14,127.44029786009148,19.316643460461695,9.97835701899997
40.885370061680135,80933.5482474643,685.5812772932859,15011.820924463796,19,171.02487647072775,36.27480413867225,2.5865744224533476
60.06687877171405,79094.29640931544,735.0559562155778,1273.0958462543078,21,126.4296796404251,27.79461949814797,1.485970671383043
27.498463664471796,28395.62994544206,732.5849219878784,9507.035858454725,17,120.77421969822852,8.097158121219024,0.8092528943164756
38.37047821045103,20000.0,712.0468680978362,20408.2643941386,22,149.90503168216367,11.091591905333045,2.7893658655929077
46.03931331392745,50384.583951727946,698.7750793340703,7791.739253911734,16,97.27524942793343,8.12608289837114,3.127635604482186
41.046646287987166,74717.62892846522,694.3063906633004,29651.22584744086,21,70.41397199069992,10.975394198085393,7.383572122984431
35.02559528905682,51420.749827677726,676.2213848111305,6316.979006955401,22,175.8496514904822,14.579521305213216,1.874733495631795
32.88408960269829,56679.19551779617,708.9774040270448,1471.264072509104,13,255.97432212208432,21.842909741312607,1.4364757892322921
34.57766630369859,44085.19191214602,692.3725524984703,1367.576112945799,19,62.79188976324984,15.083391273247019,8.176337081313239
44.384387905071996,54633.02278860436,650.7787482179297,2354.3837493091264,16,29.16561536918122,15.693261403776521,3.2736946873160777
43.68526834230618,69000.58837957305,716.5828837192106,42.93336173032822,9,89.10728864313012,30.887915625201757,5.4033053304374965
63.13662300618253,59417.96569247028,696.8300013751899,6868.536829078985,21,294.321780167067,20.144016874564844,7.658265740491728
19.55852583216422,62359.157099620315,752.5872912706286,1877.3247328668526,20,252.05226064813502,43.82823544051416,19.01268718613179
59.094880278255204,22061.779373689187,571.3749929985353,10130.342337264536,23,186.84249498800705,34.2402921488688,6.230287747665981
35.54628404690599,90489.08169625759,682.173234227916,2669.9712239271275,18,280.1896962680781,31.41277151468853,3.03695473732696
36.912955743342636,22277.430824379648,636.5058244244017,3923.0568269387827,14,144.6781527144285,35.81557160991491,8.080859797664134
48.304797621912016,54815.59636757202,648.9426353347499,20233.721067933042,19,295.3185687210487,9.64564075710866,2.4747715124127305
48.228900921919696,49291.94056747326,713.5848816553942,1663.793966313095,16,102.96457263339953,32.43210819433233,9.906418052511828
51.879416406980155,50075.68317836663,593.83637030982,7664.72793369215,21,87.28560986446294,13.014648070085,2.8947364425883038
54.49732746705142,67656.86226512823,687.9881387749944,8441.867740324922,13,198.6534963211631,44.64676937527621,2.15244578871535
37.522028056592234,39259.40558205973,681.8263737436868,1498.4512075962973,15,125.8831110261009,23.103251450106697,4.9927849618461435
54.65157056940855,44211.26269713245,617.0030253241624,4170.857062777169,16,195.3823517533522,15.265925386151489,6.114300456849369
30.450125766539614,31361.106465780595,689.4843738254746,2586.561712098895,11,105.39874512475203,48.37774353441412,2.22440660614708
34.3364362913371,72198.85930747191,634.3068094744274,8867.991128370913,20,193.0171119146375,30.88717675866592,3.211706664753179
35.815819172205934,56789.537579206735,811.8490232632748,5844.843139600613,19,97.20895296381019,18.542557931491633,6.54836924000166
31.680444645241597,63469.92564439577,752.1179980710976,3877.3875427894036,14,34.27217926928918,46.56369994121597,5.499713032231763
38.7182758921505,66615.7093474123,684.0355975714939,9067.42597874207,10,275.39805253849136,52.959578876147084,6.321323814368334
48.75709666288895,87845.42969104924,654.0950884765477,1608.496951944435,17,267.2974565245694,19.1863682817827,10.020420355309355
45.81615172941978,84705.02485370562,710.2430202641157,8405.327114032241,11,291.8234817963481,3.594054974332825,5.8791748340136305
30.64178800150072,57814.749228172834,726.0485550688511,12031.542202296208,15,220.62760934199332,19.28204435364224,11.68822574591054
29.65375141872265,54843.328559553294,695.2719553872583,12653.053884618881,15,211.16192976588482,32.47582932679158,8.368466101839179
27.735836051128793,42421.44634068724,619.0911478175339,9185.801210990905,15,176.52085962095262,17.90122086212317,3.264559817614135
39.06550186781363,65394.840020103526,667.424734027825,3145.63545074877,26,55.26387657870635,8.632430070556117,10.300291149795216
19.02987850949097,64728.03326131619,684.6807844673353,24040.64754453541,22,72.98588706579561,23.95147969509008,5.726193069142005
27.312795213774372,38870.95598133687,697.4165010475522,2864.2836146568575,18,101.05151282831014,14.668118115197556,9.352243719345257
32.49414712789875,64956.093130011264,698.8017890685061,6107.0410982753565,20,269.24378152055044,38.1473609599736,6.397309091155291
50.66445149434824,70150.38088649223,723.8499341116955,1053.797933412318,17,68.43146688886104,5.217334972845436,13.438662607740694
36.413956745949804,31810.360786907335,760.5032173232069,23608.34195041904,22,278.40448885660936,47.81716209463898,2.156203956907442
50.07030781359029,55418.451476562004,740.7538224017617,7304.089587126289,20,166.38000525439682,40.99154763674734,4.208004691096846
40.25089751829169,50816.879001656205,715.4191907424309,8399.379810013597,16,220.35949793246021,5.982408881699435,7.142755795914941
32.30841001016511,51903.04288094642,604.5377605332285,408.23876250223844,15,50.868456270558625,10.662608054222698,5.337040125701148
32.80229720676037,34852.24187080952,751.1805941409626,8648.757737019614,18,95.32939365725505,20.566918976133,2.4918518668566936
24.007302577059967,20000.0,729.1283811264186,8942.558568994717,19,288.38521029079936,48.52188896292761,12.63526038835029
66.83818310836612,38402.506595516956,664.6525232921595,6684.294018691719,17,94.52198514032479,12.187876522214582,4.621833976563326
51.326150618149285,35881.750353050775,681.7843418573693,2071.101175793143,17,103.02608170952091,16.198054850901812,8.806240465343782
45.24470690549039,58358.01521584339,683.9348582822107,4036.4218644390216,20,75.32726775550225,37.68732823631654,6.796219512801544
22.360283796703804,58651.23609369563,653.7306605341805,702.1319582705745,28,56.14062628591226,24.250358375143122,7.895969690343449
32.580486935526444,57626.66014276356,575.1179277718397,3827.263379004208,21,85.31213960711943,22.770113108175526,2.0466663364821867
26.295995867717334,26858.847881893715,613.0074413991478,1676.8855844213376,14,199.85152974622355,10.567265228022714,4.7494254346953335
39.53081879664695,31847.949259512032,625.6095628701314,2576.3677719719312,24,147.50296538099778,35.248508701655346,8.018624840250641
26.872312952832317,40899.89166859189,561.9301926144452,1064.723478609922,20,175.05163417461162,46.11237865114764,8.769420803812427
29.956513034606612,52416.57422618698,613.2040238724554,1568.6122445444066,21,54.2621520544868,37.10368089173185,8.30006184643591
27.186140583932545,45968.0641840955,748.4719648945041,477.95286006080534,15,244.59260520561202,23.22971548533303,2.9110188160927373
35.12296010283031,57591.5037921662,709.155100367547,15146.978905145563,23,239.54651616235742,26.66510294081049,1.3171793315448113
38.857099765241664,69558.46570127517,621.7409080870586,4535.3806228227,22,26.045175119949107,15.235385246839098,1.8501830989727948
35.44085667184423,34012.71146272603,638.7065865303217,3032.461592567739,13,127.3842264628854,32.73765327170525,4.909399824501793
56.39487758493951,34697.13101529145,753.7510175564479,4594.684191161478,20,39.25576855192139,32.77639433022068,5.233953371426141
47.73328285343766,54436.479749659906,752.2680324952189,5937.8999048795995,14,241.78961823618826,29.498460057367964,4.895602988999057
28.60360641681314,50523.44854643515,684.1932797521645,15296.96236339247,15,226.43551127519723,17.079120423410046,2.093181633695649
41.907268177321065,65380.54410712446,750.4878616028979,1181.1494826258681,13,272.5566664020837,20.68294455865093,3.3426638622893927
29.592066775240433,52136.379876005114,634.0457593432371,2102.048816518079,20,86.1931085068721,15.26561088996164,12.56379548690165
33.25851286063175,83329.38213707307,693.6415952072497,22325.772575630628,18,147.76284727578368,26.21998010351677,6.155590249096566
43.75036643931249,23418.254160495137,591.5389486385184,2783.5853062833376,17,71.65660560603138,19.305968493892227,4.688819712960633
45.98779988700693,67123.90347935347,658.1407902290623,136.92035364041786,14,123.94578165275345,17.0231334253461,12.393720538084601
30.950815828532065,55587.871529892866,681.6845920696729,958.5024228049078,18,166.22811043872753,73.3330291798171,14.111715446412738
24.741564958573896,26745.98079350428,578.8964661549469,160.15067330743156,18,34.932621154804906,3.108823516006808,3.587736343812529
39.05244197269197,20000.0,715.5869672240195,27585.082878183537,22,220.16371498966785,29.616451179716467,6.1845316911774155
43.215468902983325,31749.656801548463,725.6120979575319,1961.6221807553704,23,172.12214090390106,6.6654781797040386,1.5465069944988108
30.340534032599297,73763.57880650966,740.6671442866613,15426.141651596665,15,252.10852481898854,22.193528954029812,1.2205984113903776
47.79865421078718,71714.16800671075,820.0548138387763,32960.559117502235,24,96.09854033353523,36.376784820288314,4.190136961563884
45.671516039185285,49684.25526990345,705.002860955535,5495.363180967691,26,272.92990947539124,11.699169861743671,1.994961333927406
30.16554756915673,45479.086297132955,676.1550274058694,202.55891210790296,20,299.63439084852416,4.731265937529221,3.3462227111925897
51.561946230309964,36590.25406081838,583.8750194300334,510.678841222247,18,277.40356274574884,29.851077985326253,5.80388393275756
51.928727411809916,48626.992251582866,703.5171458960509,3941.922128009513,12,237.80989323328316,13.295867745140372,10.90194975115591
62.8120172674835,43465.0896610302,713.5659707244846,3126.99351349868,20,247.46326480465862,9.735095266326423,6.29233061982689
58.5411166158053,82778.95691799282,598.6392637040344,5591.126913874394,12,180.6483879124842,18.597974295119247,3.614309664975333
27.1686413297094,29741.999197322784,665.594760801968,3466.5787578798695,16,73.24308161553094,52.35606213344865,14.59318412043271
49.09979025038961,59063.8786733721,680.6679555630407,16315.593589664633,23,209.57139184136085,16.247287284455297,5.14894226636524
48.55555155907176,83627.28414756099,711.7715266596836,4590.94966919089,21,219.57084057678082,13.885100352025734,8.836419756165935
33.81820160692557,65942.49068480414,731.3744847377931,7099.652121148823,27,295.9078392750136,18.467753545159248,9.305867905789038
43.45909673679239,31763.019336565114,647.8065629713283,13608.248298541404,19,171.56436855177012,8.287435082750198,4.66372977675217
18.0,24238.056443391684,692.0816497210691,953.0732315310481,20,95.98332420701578,18.959757788048645,0.5453539427748509
18.0,56939.22169094244,714.424128933792,1566.1213107372912,18,211.42830608706188,47.91041537572821,3.063494178864721
18.0,54709.41770023653,669.0932460331936,681.153626551182,21,294.22522950660726,9.954089345928917,3.1695181560135266
42.671083057120725,74183.36375044026,654.7122621582681,902.4150725635005,21,69.61989431534633,10.670816956195242,4.773530067053362
43.23810958304074,61872.06127631967,722.7547667966037,4311.823459465907,28,111.27941718996875,31.055755691467763,4.104672946797706
34.71339064190696,43272.881364960434,669.3370480237912,2324.3891438944447,17,171.7266670563507,36.576613204688,4.2581971891454025
58.654029545111165,42051.13488505752,608.174859106982,3301.2756355254287,19,67.66009776696136,44.132463432979776,4.9742166783341535
49.84490483491142,28489.161391378835,762.3825397630881,24269.841158711526,16,26.22177906558274,4.187810198327203,5.593763406351287
18.82024178252203,54328.5580890355,614.8225005801244,1022.6260086472839,19,114.35527428355017,16.672655001116063,1.2838382617510662
35.936309529374924,26719.93148500126,674.3296074638552,4669.774325420722,23,262.3038244202962,36.1584170062055,5.532387019351424
26.723776205824358,68379.82625670143,699.3058135678341,624.6421766245413,19,32.171151810640154,7.4125566964465985,7.4900152527220225
42.96795042465812,62604.79380193956,707.3124948860989,2300.7217087359604,25,140.1001365247369,42.94317483578682,14.716163369083475
37.63305290281554,62034.20800850814,690.1770084030585,4498.634390839559,29,233.41621641930308,36.36311007641773,5.404116398648312
27.404259513122682,28207.111988539735,503.47245135916296,17583.23522118222,11,286.8911271350479,7.101809517567376,8.500007212508251
58.33367036633523,49300.65878001755,637.8491786105998,2977.8709745975552,20,295.93311172124106,16.33531251737174,7.0737085288927215
38.68876289550493,44992.49882643573,697.7774209090061,402.65378716450306,17,138.15142657044765,17.47227608162883,2.80516998250727
33.00752552635711,53850.51492026967,673.4544075034248,2947.721010773377,16,286.10760242615294,27.70897228878278,5.631014471445502
34.96232060647633,61513.23185450709,710.6999780099541,945.1263501824176,21,29.917312518641847,19.174427602934745,11.747627637115713
57.424016554503524,42755.25309216384,741.2896991844464,1568.1076499609828,19,228.85674263959575,12.454460949794353,11.380706896154338
48.93529567800867,43432.29656214599,710.4012427711511,5775.431591616391,22,199.9688896974116,48.3460556414333,11.371231298702744
36.05178670201859,64238.70105763573,636.2590566511368,418.8269158508066,14,89.86612012412265,15.807521861743185,21.592116184014813
26.094923838804537,31669.000669903016,647.6898408666402,3749.8339313260194,13,162.04918019030168,22.2954697575425,7.428316141322477
27.965658342085042,38560.094144427465,777.8864241078959,5641.373659495669,17,56.27504657293877,30.97390390299337,3.6718919551488858
32.214288667943606,52105.06297661274,669.2534509487716,3287.618666474223,17,264.04720226643707,16.461690304640957,7.537429835505614
44.08598911058665,68194.96671453162,674.2755090940011,115.86975296100539,19,120.21146395278143,30.970280150605547,2.514023317134342
47.07838281184053,34562.054708637836,710.5925589744056,25409.654881351486,13,195.29245173040064,17.60831994403538,6.75345012964604
29.293506092299488,84214.58181273489,754.233298573063,2744.806562146107,20,64.45736016043344,54.112221048068754,2.4066141422137757
47.60912220045803,27688.070299018716,625.9241464652071,9046.087343804302,18,77.72615649673799,14.387275671923144,3.0415360768346
27.096609344382834,79905.01883341417,650.2329933091086,2364.0048795861644,22,297.74778382488256,17.24352968585058,1.1675621181589686
30.65871615241376,73592.6226818813,583.7622949144035,3866.333609895652,12,230.8641904435722,38.140162792953504,6.441842770312146
20.605717751534463,26258.171339504886,662.217686374805,2950.685217292543,22,289.35212353673984,43.74743020118597,11.015041692605909
20.248307045799326,22620.339934521824,714.0556018765377,2516.2210881817164,12,102.83832625937235,22.653651524145626,5.422626052454107
26.966871670441588,64957.55503925002,658.1455710769233,132.56192668664085,14,66.07760545354971,56.67142361371806,4.974249778438851
37.69121892932777,45206.778669077146,785.5887753904207,2677.9189113674493,23,160.85916977407265,5.767447405668962,3.212134548268905
26.072223432670516,33874.953107045214,686.9721031457485,13215.895065043385,17,158.50711902365614,20.371956117492076,9.02880832553916
55.97701234046846,84610.62176166695,673.8640553009606,7034.7157279665735,19,68.9850238522366,17.138683773214115,9.964824723049498
26.810036164052498,30509.756076408095,658.8718270507375,942.8910265675102,15,225.30147948279486,24.915828882925013,1.6135340559411355
40.207356830017034,38915.1052437035,598.4086385316858,5366.515075078505,19,121.29770964284553,12.483179416231021,5.744085512126198
53.842915607032005,41048.83036423959,674.5800616693905,13366.583591328765,21,72.18226466054483,25.060972642645847,8.825976457838582
39.11015125128505,20000.0,701.5031967876905,7224.51768388189,17,112.95535047212076,8.393123648511953,3.6476930307893856
33.63301010997174,53644.61966391973,672.9158146446713,965.8341142017808,15,177.82443589780425,19.879107795491883,1.4080459220922317
39.764103038642666,35591.946003894765,693.8667962629708,12142.111180306036,17,223.4118610105241,21.261560497221208,2.3136944766248826
31.25918403127227,66589.65006693528,639.759425815694,2153.2986805275104,13,154.92944809609568,25.93333228333703,12.112697035291728
25.990289671487673,68942.7290132757,605.316632184874,3631.6546284598676,20,167.1665971519446,21.101401338566898,9.748275880543629
45.352475432413634,56170.978003855445,673.62747849686,4481.095100579339,12,58.90486206396955,16.47715886426387,10.519914731886901
31.002662274962688,56374.83933376569,693.2364153775329,11403.018381419888,12,276.113458918305,11.790791283747689,1.8518578233243412
49.24103916236511,54944.604058592966,669.8785379010724,16094.952231239635,16,280.04277543777243,29.490819767676047,8.773145352696242
47.55515359432296,39392.72467597309,692.2109362231129,15925.880418109811,17,211.35944531704104,15.231605266119535,12.590630362096402
39.99579811250148,40933.09689191779,726.5985493602674,47.915907219780024,22,24.93679450152692,33.11577925688433,3.061325880308257
49.6506306690579,75818.08505994843,726.3700429559841,15297.706807915158,18,170.3807804529313,17.11253466501875,4.369738399082253
31.471289383774028,65234.34599721321,731.4422819105382,335.5310915160887,17,196.1813121848118,9.575524346603254,5.904715709105459
47.40532286786014,55709.56572109,740.3195615399787,1853.6275706710549,17,298.5031824282708,6.2050754514203765,6.547822631774635
47.3428747673342,62801.1758743425,709.8249164601921,4341.488079359471,16,298.8987474545431,12.336905893799155,3.788602565949666
34.382942129060986,50900.496481964416,701.3795497743836,3922.701431135633,17,260.13114589115605,53.1544485527119,9.405351378707145
32.843367330810004,55329.04184786942,796.577686090669,5568.810508925754,16,37.872677767311785,7.220469618632448,7.244380775650851
41.9483425499296,62701.30440106189,727.0171898324497,3917.172535929101,16,286.91738941804437,9.92436287160347,2.627498291773881
61.618933461941275,20000.0,629.2899801295977,16342.853487296623,28,191.54514920255974,21.502839027862084,9.025475305121562
35.21317446411796,68310.5005256448,568.2171885906515,1650.955651767564,25,244.24829573417026,13.477451271979104,4.587340582049772
32.590731520479515,67018.12398082792,665.5308504643008,1921.4356713776385,14,134.013997912039,19.87207214154985,7.442734444607495
52.14073761892132,37947.61101206577,717.4845215888903,15209.973880849588,20,109.50745194568513,30.590413787159303,2.800258385200455
38.81759066839219,74393.84529082102,737.5370064470144,479.0632040056876,14,149.70836073546624,46.39941303924201,2.9212865500766045
48.39225277981523,20000.0,604.9715513837908,5642.898454505186,16,61.12486363127154,16.394955965054052,1.3127927656787097
55.69557353018146,58353.15552664754,723.7653163010202,6869.243407960225,18,119.9785188509257,57.624033366364294,10.166696663276424
18.0,52718.79483801256,748.0811611956537,4225.755038780675,24,260.132899935118,43.643263842473154,8.489423418867432
37.54904490261291,46429.52065541008,716.5242137655123,7109.569429304213,21,30.626136153046815,12.115994248613664,5.9269371887206725
35.24235556021072,52348.61189477164,704.9435305987872,1137.9236904533982,29,62.24585311088926,45.22174474213204,1.7917718053046927
26.45203079065899,62489.15004989614,672.0313634718515,11488.94399195487,19,55.03252470185595,11.821440968978767,11.215367198166867
18.0,20000.0,652.3998761532916,905.1165699441374,20,132.86115195606385,7.167291181373704,7.352370408508562
18.902022151671893,70017.36262520168,727.1327791938817,3073.0836912719733,17,299.1563322494413,10.441521854717346,3.785834754768348
39.25242538243302,44615.0767771453,715.0008169844913,469.4404089325875,23,68.54022045918715,18.174997115750447,6.296603794645658
31.59156764817402,70278.15126714422,660.3717772017036,4727.531262955657,18,60.73514188779284,3.217536931420924,4.5046345927264095
28.37799695696274,63583.31819769897,832.5263809201928,6647.355843042211,19,276.21560433732327,10.332200744566112,7.356053272785026
39.13312855657711,44240.73746303807,589.4120654909884,17003.888613497653,26,266.9741447504704,4.550036840842274,2.448915879200574
29.69423539548713,50572.12846522816,666.0721248318607,8067.142853180688,20,29.027303599035243,58.44844327787344,0.8621251742161413
53.48216766534324,51629.57031236444,633.7161670733964,4673.575877500542,16,230.4776688502082,17.075271007493793,6.929163501171788
30.549389129752836,80912.68685308011,703.0505528802598,16184.176639286396,21,203.53039641340027,30.548491949301265,7.636088125956779
56.063858239670765,31471.97583813905,563.0621817068854,3905.5493756527785,18,234.9674267587585,14.89907295156471,1.309933689074112
37.639811215425176,44114.68857793647,756.1559763754957,4942.346602510314,16,158.4606873428582,21.55488457745038,0.5551466635498842
30.177204873499484,23520.61508424745,740.3270201046847,5439.5058668169895,21,297.58618116552276,6.395865220289698,5.9701823149696915
29.305222909505787,54230.34842144925,696.0412662455751,3165.590278611834,21,32.277165239069696,12.437704223656068,7.084676647191375
56.165531061572516,40776.83775717399,661.3805650516762,10938.857777422307,17,85.6240441930656,25.450705380135307,4.380401466238322
46.3500005594678,42960.9128766536,722.9785910339609,1228.69838957601,15,131.03287635261222,6.075102523695636,2.576991499736246
28.88698180503899,78724.42724677763,699.7223839175055,4855.958587819614,21,145.93782363839688,13.778327639658084,14.771840259544337
39.42891881869531,37179.34859295629,737.1209927197585,7685.841411149479,13,277.98287275586523,23.963471503054834,6.6831925792917115
18.0,49128.6031348098,672.6528311877353,14058.953452165348,20,176.80122194163246,7.950849672010361,10.084849074887787
22.020748176656056,43745.19484858253,669.111547858636,12920.771137117847,14,32.63107874571028,44.21926815848932,2.1345729899668475
28.996535969911537,44875.0532199413,744.6642450615324,4264.694093584246,14,134.20162975918532,19.08756115251374,11.016947536050319
28.70219283679382,101892.2129708495,718.0197212775446,6182.8310619044805,22,136.6173154633396,30.916622323081416,6.523622460661106
52.556176640960075,20770.437454974242,669.5592130804306,3007.606042367028,26,290.3374627625797,18.61812264584186,13.885158743356708
18.0,63593.233773909225,702.0702916039338,3788.6759173812525,15,187.7751854859103,26.181347154146533,7.442528285109649
20.86632165098752,95692.72091883433,691.0888500567349,14203.752494604796,19,197.98229992450288,14.268233669083166,5.364170746736235
43.428733799484434,71423.54388424935,708.0322215696657,16016.207977629012,20,219.71084875035584,9.131948286933552,4.763198843043751
40.76326775906083,52844.95897809565,756.1670434054156,13546.4768083791,20,235.6110083909945,8.26862600329477,3.1391825177104042
33.802749973023715,30890.17023774832,659.0077758006238,893.5820101094905,18,197.81429965669696,29.50684532062533,4.796814144283417
62.629867145562784,75485.93801278136,641.3268240865406,11386.08170417025,14,86.41441831750194,18.747354369593083,7.525050701466388
45.408885102415944,68872.2276057226,696.427515517172,17781.18579734104,17,264.73285601552595,13.742937860054678,8.357286607223859
52.673896467873234,24465.53613397022,647.8067747517783,2689.4499558100983,19,224.99354411497646,6.667161540175985,2.79131344360137
37.390398578802625,46234.937860701604,625.3449161871778,4386.917484582264,25,227.72373582714764,19.04788511788634,1.6233081828661557
31.47701427743828,30290.30896699385,739.6130616387594,9060.142152955399,14,299.03588698572975,18.861329700874542,6.176063675798089
31.614447471226946,20000.0,662.7676292130038,4954.2886847328145,20,244.70742976172846,28.050515824214845,1.2436390286474486
49.13197893647044,29871.565348870154,567.9162295215427,30200.52712779902,21,252.16239288344292,27.99667066438437,4.865359486742664
47.272980052456504,53897.906071264675,730.8449427890059,3649.6756116313213,15,286.39354439884437,40.53021322208357,1.8175873883027895
35.376702410190546,62445.74519067191,653.7109096627528,7509.379066548192,21,62.31751995769028,4.312160513818837,8.145875696533828
43.65900865554824,46178.134843430744,714.6699373183955,9438.379593983635,19,159.363665413859,26.025821236484543,3.7726673941259605
49.551416648206576,76734.2570650389,745.0064782008731,4088.502477023965,18,182.55876660542052,16.975953167445123,4.111888351767895
31.23284624261254,70529.91842939114,691.3788438207193,11668.784450163394,22,112.19720418228813,17.322121506557494,1.537040368747844
33.879254303308464,49745.00253197355,557.8712342869294,4739.991889165114,16,255.03293629046155,13.906438780432081,9.486726900851508
43.35968601986463,47453.15162281913,562.1797925683358,3182.607746230808,18,233.47749406080254,6.7406166300087484,5.751466881522503
18.0,58889.31313675215,639.655508852344,684.5489453003744,18,221.84726086227474,12.234441038110479,5.887362631957775
43.58710610474238,51678.764623717194,676.588604008114,2999.4483902230395,20,299.20184313228674,20.56471540163009,1.886370467383251
24.499411285432245,26337.686531695068,752.008495251585,7944.120640502692,20,92.62678455434934,28.732534458440746,1.1387639284192688
49.299840691286064,46683.12427559437,697.4800185991279,15251.636872461955,21,225.92803046911797,30.366602896232703,2.776585639195309
63.773417926886154,63980.20956175544,837.0364003383174,1739.5427302049457,29,174.39325297365218,8.775903614626593,3.707222955440199
29.633980222205178,75665.32476678361,590.5143957406385,2633.221032092535,27,107.6369710982853,21.014442473192695,2.7158601393779627
21.80427518164995,69282.95014250092,687.277509854005,1003.1388850753872,18,64.96432380247523,25.112756629624595,13.923994410610618
35.8410964303817,58017.448557254655,653.2717467939876,7041.105729137954,18,270.8474743789132,21.427504162039885,9.641632967611164
34.81688260256275,78232.6895643622,694.07827975648,19341.58623401726,30,186.7275351581967,2.767791503026765,4.94776635631155
45.928685893507854,59631.130025137754,785.1004672266736,6145.7988420296615,23,250.9814745394225,22.53498098572024,2.9373386069161245
40.80873573073176,50406.09907222581,788.8948361099809,5759.5207620975,27,172.69659552043257,15.554078695722403,2.172612508787286
34.44403660821578,78616.80822460252,683.2676221577866,4837.759961095085,22,81.59358258312548,16.117705367900637,4.801378872065757
39.087363220697306,64964.65585898995,731.6908332901274,555.6907768275287,21,114.51366766809107,38.8068211439927,6.008919586346625
24.53417101869769,75436.05568765641,692.9330000387175,7844.983959362834,11,126.83087589259303,36.932422087703856,3.5697906467902
47.9505805206592,30623.07638453651,615.4823658001753,5528.566576355476,12,292.42174750103663,15.963383074118486,6.573726635883252
57.41553371545865,36515.16467927228,680.8592241322915,6498.975355880885,13,21.5773179467871,18.427118760470588,3.376505745781786
23.628834346647523,37286.708660711854,649.6934350753095,13744.596858194362,16,295.986486446862,8.912314573041433,2.152390221913212
19.04896427081004,55271.979246305615,676.2338345303954,9193.772078342632,21,294.52925783075256,7.012275337030169,6.584112807756796
33.17493887902579,84838.29159692134,628.8747869527824,9109.779885350194,18,298.92222134843826,39.39999420999215,1.1005213588959717
23.342354274520105,31498.956302971623,689.3088211209482,15718.898362057455,17,153.4446900974977,46.94478750267344,1.6165687801760673
22.685387802786188,68296.57010445494,698.3390151786134,27592.11838528365,16,289.8665114938799,34.16380447019707,2.4530772355613464
21.175778052225482,30353.766203532967,722.2551857012552,5223.356188650777,21,130.76777091795165,55.89787844722191,3.1884629284460333
35.67677124791121,90115.34923115865,698.5915966620609,691.667963580394,23,27.36244338714828,24.39128347842855,7.540191354387921
33.062930364127425,23260.270115486168,778.0765309297559,3687.456925490503,21,82.81721218409407,21.818288817878855,1.542185328474324
42.47908308962204,65325.40591770748,811.5321464050602,9295.73632369568,16,284.6829485824677,28.920163624255117,4.124584347779718
31.243829661047982,67846.75761498239,655.7280955849045,168.7015604910538,17,23.854114133911995,24.717866697209963,6.05681326944293
23.400282853511907,63160.08980021355,738.2040673209515,351.41782797713535,22,172.878357918433,22.69150396063443,5.731413657032722
37.797404241018576,36209.50774038272,806.8760106745002,417.1152323190347,21,41.16844489051013,21.77881788168951,7.542272097654256
25.297327491868533,32985.817502213926,739.767359615139,7879.061032829206,22,100.19104195972197,23.640042195516216,4.209210202888761
44.14605343144629,74903.21129408304,723.0394096356073,4172.898983833647,15,44.665998199328264,32.53508431473466,3.1133572900548168
18.00532638993659,70871.31938022948,570.688585893778,2761.7261510026888,11,260.66801391165575,9.959679618371606,10.5463429195483
18.0,70625.69452788444,646.5154440628463,669.727407145419,18,185.49979870135763,34.94725139299242,3.0263195034157544
18.682727595975336,72807.49582208568,655.2737630016057,7905.990939122275,23,272.5898104011276,31.14082016802881,2.726994013477396
32.98016696070248,24350.52983981369,763.2314427911804,2322.9799675088543,26,212.73889587126394,4.537637728026645,2.582371644187624
34.554441725241546,23812.52112506814,636.1634275171143,1849.9547319121948,24,291.8881567486279,25.72791961054704,2.5117563561079117
39.643301401617244,39916.171462174396,674.8775192016384,6338.822795871505,16,162.76574333291384,33.70651195652105,12.058761601748458
31.22357175202466,43366.45470291469,730.4165272405855,4912.410621638499,16,198.83896289360487,12.301121685208189,13.275329718099908
27.84190450675745,41448.360065068904,633.458039026986,2700.3650524067166,24,181.36646956893586,32.48004573451666,8.123021313909623
55.19929484752254,56994.96350380959,696.7453811034405,6154.750023688647,16,155.59292024505157,42.05792273444488,6.750095051285965
52.02662502280473,72074.50887907205,688.9264042700655,1898.3127719438273,21,256.8686223184435,24.688789054135576,2.7309315234809075
49.83442917033831,46708.08624513577,732.6266075151179,9503.505901596809,19,200.46703798770085,32.97332151147448,3.5311342347509953
41.706755519231564,37324.289739978514,719.5309484676346,1562.8840496191635,14,244.3674341595324,8.230150388061883,1.3684203645892807
42.6620758863132,66632.61581601901,717.6375207875055,1037.8238855765685,15,240.1819022486757,37.028099364167254,4.147497549839403
28.33762537133468,46924.63920827429,692.0471102234995,9151.667341392622,20,73.49264498348268,23.65088665358414,1.7588546505386726
39.7322994587052,53931.84789641415,579.4426417480491,7383.790723041987,14,202.04578910494024,42.77820277333756,5.468259196560029
26.721593359742226,46015.48145479133,688.3797276611897,1210.0463491258888,16,75.90144537077356,34.668050815771245,2.8876475321414667
25.360720392557976,58119.46647224631,683.3182511183134,741.4575346460797,22,183.32973390825583,21.119806066836134,5.770935201375537
18.59012264910112,33749.72560612653,725.9926851062698,10935.752954150412,16,209.68171164496414,23.61639329181002,2.5434635441837092
42.87285898352061,65072.900065788686,654.6242992998363,8992.707589583852,23,299.2258200445243,17.502730913983005,1.1708360065031438
39.96406114675664,51410.01936476146,682.5079450837699,2378.3546998188417,19,28.55175388192674,25.172186396898784,2.2412139213021507
34.36538146543783,38242.30785589917,684.4016592901326,6441.13155342927,21,45.54787035184186,46.53134539390341,6.097063882741899
32.79432095494618,61556.79375428878,637.2467207609078,795.4323967372213,23,41.56747498394482,21.16976397665547,6.352617141056392
18.0,38225.11967659839,610.8033407953155,4244.0566866524505,14,131.54116015468722,45.69275563776917,5.949363894107422
41.076794710926066,39020.6932360771,702.952449229704,113.44755337678414,20,250.04474121602783,47.62431640318351,5.421686833665706
34.2135192452437,30377.015822357534,740.4657845390938,2981.5548611329127,17,256.33577318039795,11.318270082618671,4.949457457386001
48.75196652496361,21335.521115086754,642.5054022546152,466.7497990279693,30,226.35428680192248,19.702565714886152,7.25970608710427
39.754536270771034,61617.13682574117,666.9339485273623,3867.8243930998105,19,271.12590771238536,14.653391775235292,0.5707861935154234
46.469406622448375,72981.09968400089,729.7729532135093,3285.7846676643426,23,110.4007843674467,38.170080496318796,11.720561229318632
37.91311521687024,43889.204955687426,735.6025083805829,3526.078311417496,17,44.68330039064376,22.063119404172536,4.069407266021839
40.180134465867134,37627.494798623346,693.8855280987385,278.34547097370705,15,36.28284783715803,24.126008489837215,7.2934077295063116
49.17351533225407,20000.0,704.8520959658034,2692.894982520787,22,258.5971614934282,39.227904542818706,4.676170140829752
35.691328827939074,20000.0,711.9229903091502,8475.432063164077,29,224.52216241903355,54.20942604413489,2.8463218939971973
43.66225865841796,65081.14982287627,722.6620388157036,2761.882354393805,10,215.61228568311384,54.57816219708671,3.8573289645219715
32.6777070223952,20000.0,615.7148364972752,7535.217739725398,11,115.10937479278726,18.863948231387646,2.1452340125974856
36.426717084505995,31409.19572924452,795.032623342478,2767.2502735109997,12,126.37345281310334,48.02805754932367,2.4279621918981773
57.12228798331378,57101.7637306961,696.4402341465654,3301.9684511205633,15,288.27178809180936,31.74671998837471,6.542368672647458
45.68608018348511,53614.730728330076,723.7899267704386,4979.193711623534,24,37.86532834742181,33.92687543044917,5.493842965917076
31.50249309675624,57844.642903913,634.2917450758922,18056.7892300421,19,236.64488634258194,55.11785805282027,1.0585878100413575
43.07502992272703,52124.55007279459,668.84595828946,691.5254294337819,18,106.69733063835008,9.364460661109874,2.500849780261776
22.64022471649045,45575.316631692665,702.6190220555958,200.8056805261821,24,30.935293155515705,21.064764570501755,4.055972257771639
35.34569342456922,31518.41785623188,571.7355366501754,5618.305321091479,25,227.9196310078877,47.236371884060425,4.6936062424197225
26.558908390129965,40585.41798509826,625.9315969278878,17867.010990510913,17,112.65532798994488,19.49480010837098,14.48282746156606
43.422874371600045,46797.138230899254,636.4828712733743,27467.15873168379,15,222.20130524798304,29.789556846146098,5.395288958894969
35.73282113998167,20000.0,603.2817977265324,3971.8012384249996,19,218.14322727307365,16.675599781356134,0.9179186432465652
41.4017417069181,37845.950130208934,686.3649626155005,3787.5913470198566,9,169.74032512127224,18.743839278957104,4.859453616829231
47.29015422251872,45300.06682635774,675.5550402760286,6213.212642850101,17,237.66447617895366,32.00170670467401,1.7957963920606
32.477428891075405,39598.634394637025,765.4224386012464,4866.650614846073,22,182.69073076794817,37.478326726774,4.189932378208269
32.90618820159005,45834.01866251136,612.7594659472402,6032.17541461429,17,100.25831879751298,16.71141210160563,15.28672265348078
37.55555383281039,64037.09951622304,694.084902704491,12428.812876907943,19,225.55228429803734,37.417739751035775,3.378469616823642
27.674044707254446,66246.7466911341,627.1946007607312,8229.762784295905,13,184.9591484457626,21.37920916450086,8.352445291957762
37.865444141812524,79204.35666359565,576.9715938159476,4121.528306902825,13,23.56363887317775,35.25800362993244,4.82328212381616
38.49875351160266,24857.75745950164,715.2682312405683,3717.8688936402523,22,272.4603697756866,23.3274400787665,11.389555359247467
40.747282581974574,44426.58731983479,720.2359363600879,6123.273629099672,17,172.78021313080777,29.482747074258352,6.82685395073109
43.03460530296695,74096.43109120821,713.1271211146998,3649.5975569077186,16,263.2156343342689,22.685620883297766,9.028077173833166
18.762604928837554,20576.753537621265,601.0102316417785,3672.49355639826,25,267.16631491502847,7.025847435656206,6.04965053211307
22.578542017224528,30827.873457925238,685.0152419230686,98.64183636645305,11,144.59066388582477,19.03752238887049,3.3458457231137864
23.993788953828062,40916.757994511994,715.84162878398,1147.4289400128198,17,162.14479900634467,23.92727191510665,10.59166556998785
39.11129601471794,88797.82844274637,737.1296134114475,4022.6061636262875,16,136.41122854916853,21.976296279564508,5.621988858023796
34.58748969103207,34458.41132629481,717.6976831452564,10377.89761225654,21,145.84229708625276,61.436151381344736,3.50289504466072
18.0,71508.77155296264,737.9080474618671,1960.4254914813341,11,270.6412045120838,36.865278090373636,2.847006685226545
